{"r2": 0.545059390645781, "mae": 33.34839802631579, "feature_importance": {"_type": "image-file", "path": "media/images/feature_importance_0_3caa2868.png", "sha256": "3caa28687cec697e48e97186580807698022761d956a754a7f24668a568f56ef", "size": 33811, "format": "png", "width": 1000, "height": 1000}, "_runtime": 35, "_timestamp": 1693165919, "_step": 0}