{"r2": 0.5547952992267535, "mae": 33.12865789473684, "_runtime": 30, "_timestamp": 1693007226, "_step": 1, "feature_importance": {"_type": "image-file", "path": "media/images/feature_importance_1_1206c1d9.png", "sha256": "1206c1d9b5b442c4a72c185292f01abe70137604a5b3deebe63c3eed805f873d", "size": 33857, "format": "png", "width": 1000, "height": 1000}}