{"r2": 0.5533125696422095, "mae": 32.96383223684211, "feature_importance": {"_type": "image-file", "path": "media/images/feature_importance_0_74138dcf.png", "sha256": "74138dcf8232d783266129a877f6eb5705ea2d59e0fc51c0306a37a8f2e630f9", "size": 33321, "format": "png", "width": 1000, "height": 1000}, "_runtime": 22, "_timestamp": 1693158757, "_step": 0}