{"r2": 0.5570272978916707, "mae": 33.670118421052635, "feature_importance": {"_type": "image-file", "path": "media/images/feature_importance_0_10ab7021.png", "sha256": "10ab70218bea0da631185fa52da8f51fe8682e7ca668d5533337a3887f7c6432", "size": 33873, "format": "png", "width": 1000, "height": 1000}, "_runtime": 24, "_timestamp": 1693014157, "_step": 0}