{"r2": 0.5598218499341736, "mae": 33.69297368421053, "feature_importance": {"_type": "image-file", "path": "media/images/feature_importance_0_8f61b2d6.png", "sha256": "8f61b2d671f548f9bdc912c83e78809c2c809660656a6042d89a9099db851eef", "size": 33862, "format": "png", "width": 1000, "height": 1000}, "_runtime": 68, "_timestamp": 1693018893, "_step": 0}