{"r2": 0.4368498963197318, "mae": 37.571414473684214, "feature_importance": {"_type": "image-file", "path": "media/images/feature_importance_0_69f34400.png", "sha256": "69f34400fb4e85f6ccc150dd1d67512013a28ac09e9665595e6ec1715a6925ff", "size": 33346, "format": "png", "width": 1000, "height": 1000}, "_runtime": 11, "_timestamp": 1693012532, "_step": 0}