{"r2": 0.4904783257760812, "mae": 34.90461842105263, "feature_importance": {"_type": "image-file", "path": "media/images/feature_importance_0_ea68fc12.png", "sha256": "ea68fc12052215f86272baa1552ff25ca745c7267c03576dd0c445f2a7bb6643", "size": 34472, "format": "png", "width": 1000, "height": 1000}, "_runtime": 26, "_timestamp": 1693012960, "_step": 0}