{"r2": 0.5469493185324505, "mae": 33.2810822368421, "feature_importance": {"_type": "image-file", "path": "media/images/feature_importance_0_0bc9ee69.png", "sha256": "0bc9ee6956698fd7c01147ed75fe15d660811637e71681688cc8f8abdbaf9f19", "size": 33838, "format": "png", "width": 1000, "height": 1000}, "_runtime": 71, "_timestamp": 1693167262, "_step": 0}