{"r2": 0.5449691535879573, "mae": 33.11624890350877, "feature_importance": {"_type": "image-file", "path": "media/images/feature_importance_0_77c06248.png", "sha256": "77c06248fcd95b946c8400b666d5a3f6a629a912379b340851e60513ffa3105d", "size": 33314, "format": "png", "width": 1000, "height": 1000}, "_runtime": 72, "_timestamp": 1693163820, "_step": 0}