{"r2": 0.43709982821560656, "mae": 37.52393256578947, "feature_importance": {"_type": "image-file", "path": "media/images/feature_importance_0_e7c7274b.png", "sha256": "e7c7274b056f5d44ac051d57ac41e6bcd34414009123c90b939011b74ccc0a01", "size": 33360, "format": "png", "width": 1000, "height": 1000}, "_runtime": 24, "_timestamp": 1693015464, "_step": 0}