{"r2": 0.42912372303570956, "mae": 37.831039473684214, "feature_importance": {"_type": "image-file", "path": "media/images/feature_importance_0_0a290133.png", "sha256": "0a29013361855d4e681f24f5bd12c5eb6697f5b2ecefb6b0135ce23171d0f47d", "size": 33352, "format": "png", "width": 1000, "height": 1000}, "_runtime": 11, "_timestamp": 1693012646, "_step": 0}