{"r2": 0.5384562029626894, "mae": 33.26711513157895, "feature_importance": {"_type": "image-file", "path": "media/images/feature_importance_0_c8bf20f1.png", "sha256": "c8bf20f1e4dcbd221175d1827b58e659a35dc5cc6e953d138d5cb64fec5688cb", "size": 33866, "format": "png", "width": 1000, "height": 1000}, "_runtime": 29, "_timestamp": 1693013486, "_step": 0}