{"r2": 0.5461506719611435, "mae": 33.13579824561403, "feature_importance": {"_type": "image-file", "path": "media/images/feature_importance_0_4175ac92.png", "sha256": "4175ac9258a9165d3982aba0a7b9574e2685a6f52d178377cf1d58ec39b890df", "size": 33838, "format": "png", "width": 1000, "height": 1000}, "_runtime": 93, "_timestamp": 1693163923, "_step": 0}