{"r2": 0.5393700696484587, "mae": 33.2212302631579, "feature_importance": {"_type": "image-file", "path": "media/images/feature_importance_0_944016c9.png", "sha256": "944016c9146bb730d46482a741759b97b03db3728d5fc53a5c51d5e0e165e019", "size": 33865, "format": "png", "width": 1000, "height": 1000}, "_runtime": 57, "_timestamp": 1693163993, "_step": 0}