{"r2": 0.49122597107732235, "mae": 34.85021710526316, "feature_importance": {"_type": "image-file", "path": "media/images/feature_importance_0_3759c4b2.png", "sha256": "3759c4b2311987233da2d7b05986e58c5a0c1c502e6879ba1c953a383d0a0f43", "size": 34456, "format": "png", "width": 1000, "height": 1000}, "_runtime": 29, "_timestamp": 1693158632, "_step": 0}