{"r2": 0.5401360108338547, "mae": 33.200384868421054, "feature_importance": {"_type": "image-file", "path": "media/images/feature_importance_0_fcbc8b28.png", "sha256": "fcbc8b280e386c0519f6b5aa70ac7e442f9bb27c7d3247cd122a430051341497", "size": 33855, "format": "png", "width": 1000, "height": 1000}, "_runtime": 72, "_timestamp": 1693164073, "_step": 0}