{"r2": 0.5572158227107591, "mae": 33.13332236842105, "_runtime": 24, "_timestamp": 1693007047, "_step": 1, "feature_importance": {"_type": "image-file", "path": "media/images/feature_importance_1_6dbde967.png", "sha256": "6dbde9673d718dfdc381f55dc8f1f14add18659101d7f76671ace9574ddf5b17", "size": 33324, "format": "png", "width": 1000, "height": 1000}}