{"r2": 0.5631428186541635, "mae": 33.133436403508775, "feature_importance": {"_type": "image-file", "path": "media/images/feature_importance_0_ea9e8376.png", "sha256": "ea9e8376fc96a279d57484b5135be477213770a12d3d92c2f83da5ecb0d78ac3", "size": 33316, "format": "png", "width": 1000, "height": 1000}, "_runtime": 60, "_timestamp": 1693164241, "_step": 0}