{"r2": 0.5526593923428484, "mae": 33.97788157894737, "feature_importance": {"_type": "image-file", "path": "media/images/feature_importance_0_5126c939.png", "sha256": "5126c93903992403d644f837e06d172b3526ac58ec9146b6dd1de6f20abf52df", "size": 33860, "format": "png", "width": 1000, "height": 1000}, "_runtime": 36, "_timestamp": 1693014247, "_step": 0}