{"r2": 0.4901684028855483, "mae": 34.878313596491225, "feature_importance": {"_type": "image-file", "path": "media/images/feature_importance_0_4156f217.png", "sha256": "4156f21769b7f3bbb18b7a2ce72231762981edd328401eb7e1c4d2be5395f81c", "size": 34453, "format": "png", "width": 1000, "height": 1000}, "_runtime": 83, "_timestamp": 1693163182, "_step": 0}