{"r2": 0.5453378109744318, "mae": 33.09799342105263, "feature_importance": {"_type": "image-file", "path": "media/images/feature_importance_0_ecca1aea.png", "sha256": "ecca1aea3038cd1a8fba7a107c3828489589bac27bf6ce01ce03b0dbcbd22252", "size": 33325, "format": "png", "width": 1000, "height": 1000}, "_runtime": 57, "_timestamp": 1693163735, "_step": 0}