{"r2": 0.53430009825976, "mae": 33.44864802631579, "feature_importance": {"_type": "image-file", "path": "media/images/feature_importance_0_1e12773c.png", "sha256": "1e12773c84c9c1832119f0c15e6cec846f4d774be555dbef4c58eb9f89e04c2f", "size": 33841, "format": "png", "width": 1000, "height": 1000}, "_runtime": 76, "_timestamp": 1693017598, "_step": 0}