{"r2": 0.5395768198837649, "mae": 33.28531140350878, "feature_importance": {"_type": "image-file", "path": "media/images/feature_importance_0_772b6e71.png", "sha256": "772b6e71cabcc1f58a077822ae8573ef1f6e5cedcc2ff0fae2bfbb85ebf27630", "size": 33840, "format": "png", "width": 1000, "height": 1000}, "_runtime": 90, "_timestamp": 1693164172, "_step": 0}