{"r2": 0.5503892655204066, "mae": 33.14188157894737, "feature_importance": {"_type": "image-file", "path": "media/images/feature_importance_0_a63e2096.png", "sha256": "a63e20962c3e862f6bb1dbb432cd6f0d6f4a17eb9e1de70b4cd8b018eb81d628", "size": 33311, "format": "png", "width": 1000, "height": 1000}, "_runtime": 24, "_timestamp": 1693014453, "_step": 0}