{"r2": 0.49059223634627325, "mae": 34.89945230263157, "feature_importance": {"_type": "image-file", "path": "media/images/feature_importance_0_07d0e1f8.png", "sha256": "07d0e1f88ef21f03eb667c6f096c3473c3ff8c21970876d0cc53c0b79128099f", "size": 34449, "format": "png", "width": 1000, "height": 1000}, "_runtime": 74, "_timestamp": 1693015678, "_step": 0}