{"r2": 0.5567620235529802, "mae": 33.21782072368422, "feature_importance": {"_type": "image-file", "path": "media/images/feature_importance_0_80f58b23.png", "sha256": "80f58b23247cd57e482dcf49a539676eaaabb0e3a1c14dbc4c06f8ea234eb95a", "size": 33303, "format": "png", "width": 1000, "height": 1000}, "_runtime": 66, "_timestamp": 1693019200, "_step": 0}