{"r2": 0.5619748540675307, "mae": 33.47535032894737, "feature_importance": {"_type": "image-file", "path": "media/images/feature_importance_0_3c7ec29b.png", "sha256": "3c7ec29b92cb45de7ffc2e65f4c07d46fbb2c74cb584081eec007a243ad3f2c9", "size": 33857, "format": "png", "width": 1000, "height": 1000}, "_runtime": 54, "_timestamp": 1693018810, "_step": 0}