{"r2": 0.5450164395019044, "mae": 33.130944078947365, "feature_importance": {"_type": "image-file", "path": "media/images/feature_importance_0_942106e4.png", "sha256": "942106e40f31936185af1810685f50cdbfec06b47ab46a6db0e536cf5b7e250d", "size": 33289, "format": "png", "width": 1000, "height": 1000}, "_runtime": 61, "_timestamp": 1693016113, "_step": 0}