{"r2": 0.541949244933176, "mae": 33.322625, "feature_importance": {"_type": "image-file", "path": "media/images/feature_importance_0_9ea75f8f.png", "sha256": "9ea75f8fb0ed8f29165c5c27626620de80e89996e7b10ba79106f949e3790761", "size": 33328, "format": "png", "width": 1000, "height": 1000}, "_runtime": 29, "_timestamp": 1693014615, "_step": 0}