{"r2": 0.5407919326504484, "mae": 33.360296052631575, "feature_importance": {"_type": "image-file", "path": "media/images/feature_importance_0_057074a2.png", "sha256": "057074a29cc0abb4537ed2d3f44563a62785b29b13e11b870f984f151176744b", "size": 33824, "format": "png", "width": 1000, "height": 1000}, "_runtime": 85, "_timestamp": 1693019849, "_step": 0}