{"r2": 0.48988136792633874, "mae": 34.947074013157895, "feature_importance": {"_type": "image-file", "path": "media/images/feature_importance_0_b886be9c.png", "sha256": "b886be9c5eb70674fe9481585a897ce98c0cf1f4d1d69346a7ddd47f22acd9ea", "size": 34468, "format": "png", "width": 1000, "height": 1000}, "_runtime": 57, "_timestamp": 1693015350, "_step": 0}