{"r2": 0.4913030218985106, "mae": 34.841434210526316, "feature_importance": {"_type": "image-file", "path": "media/images/feature_importance_0_dbfb4050.png", "sha256": "dbfb405046dce4b4cf86bacd203cb7b75de87ffbd95adfc74874e83ddd95c484", "size": 34454, "format": "png", "width": 1000, "height": 1000}, "_runtime": 32, "_timestamp": 1693165576, "_step": 0}