{"r2": 0.5407174568809179, "mae": 33.45026644736842, "feature_importance": {"_type": "image-file", "path": "media/images/feature_importance_0_044035dc.png", "sha256": "044035dc6027257c6c78dcfa0da2ee5b2580439bd12157b57231713e75340a03", "size": 33823, "format": "png", "width": 1000, "height": 1000}, "_runtime": 42, "_timestamp": 1693014709, "_step": 0}