{"r2": 0.5565910461580171, "mae": 33.45822039473684, "feature_importance": {"_type": "image-file", "path": "media/images/feature_importance_0_c4d46393.png", "sha256": "c4d46393fe9a59e77992a85e43321d2989e0518ac58131b06aaa947c19d2f12e", "size": 33311, "format": "png", "width": 1000, "height": 1000}, "_runtime": 29, "_timestamp": 1693013639, "_step": 0}