{"r2": 0.5586372021991224, "mae": 33.34811513157894, "feature_importance": {"_type": "image-file", "path": "media/images/feature_importance_0_3a00b876.png", "sha256": "3a00b876fb9f1863d1f86ca080ab54d97eae776710bef785ee22d2cf42fe5a25", "size": 33862, "format": "png", "width": 1000, "height": 1000}, "_runtime": 23, "_timestamp": 1693013600, "_step": 0}