{"r2": 0.52086004642265, "mae": 34.19657236842105, "feature_importance": {"_type": "image-file", "path": "media/images/feature_importance_0_25bbff26.png", "sha256": "25bbff269379d5ad309031dd7b8a564aed5a1d313d39d5761f5dc0ae7f90dff8", "size": 37130, "format": "png", "width": 1000, "height": 1000}, "_runtime": 12, "_timestamp": 1693013985, "_step": 0}