{"r2": 0.49026767503836965, "mae": 34.8859375, "feature_importance": {"_type": "image-file", "path": "media/images/feature_importance_0_a2df9a61.png", "sha256": "a2df9a618f05d1686dc36f39960ceff19bc3dc592df9a1c1edff9e6953e2fccc", "size": 34450, "format": "png", "width": 1000, "height": 1000}, "_runtime": 93, "_timestamp": 1693168987, "_step": 0}