{"r2": 0.4895591448069948, "mae": 34.96485197368421, "feature_importance": {"_type": "image-file", "path": "media/images/feature_importance_0_32349a14.png", "sha256": "32349a146aea8916a9dbde2bdc87732da48b2bc2a6ff72e681a854843e187a3a", "size": 34463, "format": "png", "width": 1000, "height": 1000}, "_runtime": 64, "_timestamp": 1693015593, "_step": 0}