{"r2": 0.5570037072866635, "mae": 33.29521052631579, "feature_importance": {"_type": "image-file", "path": "media/images/feature_importance_0_0b29627d.png", "sha256": "0b29627dfcfb31c8f2172cd164678e2d9da8228d1408ffe1e3cd0ca5de6e6dfe", "size": 33321, "format": "png", "width": 1000, "height": 1000}, "_runtime": 22, "_timestamp": 1693014309, "_step": 0}