{"r2": 0.5538939681754211, "mae": 33.198585526315796, "feature_importance": {"_type": "image-file", "path": "media/images/feature_importance_0_4ce731b7.png", "sha256": "4ce731b7b1e5e7d2a7006eba46bbe3625efa979160965d0da267fe7e3c5364b6", "size": 33319, "format": "png", "width": 1000, "height": 1000}, "_runtime": 68, "_timestamp": 1693168067, "_step": 0}