{"r2": 0.5230710196791466, "mae": 34.09533552631579, "feature_importance": {"_type": "image-file", "path": "media/images/feature_importance_0_1964d99b.png", "sha256": "1964d99be4afb5aaf97b3a6189128cbd58fde856829c4a224507c6ab69bbf9f6", "size": 33333, "format": "png", "width": 1000, "height": 1000}, "_runtime": 12, "_timestamp": 1693013855, "_step": 0}