{"r2": 0.5152636657222693, "mae": 34.326365131578946, "feature_importance": {"_type": "image-file", "path": "media/images/feature_importance_0_fbf20757.png", "sha256": "fbf20757e335b29b688310251ee46e5a6b7cfe506030e6a967f7c802ae8329a1", "size": 37123, "format": "png", "width": 1000, "height": 1000}, "_runtime": 26, "_timestamp": 1693015979, "_step": 0}