{"r2": 0.4850302350787744, "mae": 35.177233552631584, "feature_importance": {"_type": "image-file", "path": "media/images/feature_importance_0_7f243107.png", "sha256": "7f243107ec8df56b007cc0aeaf890cc4f35b7be797e2ecb328d1059fc4d49267", "size": 34495, "format": "png", "width": 1000, "height": 1000}, "_runtime": 21, "_timestamp": 1693165713, "_step": 0}