{"r2": 0.5513084991090136, "mae": 32.97864802631579, "feature_importance": {"_type": "image-file", "path": "media/images/feature_importance_0_c75b0201.png", "sha256": "c75b0201217714fbc6a41418c11fbe23b8ead90edbdb66e04a76cb8fd10072c8", "size": 33326, "format": "png", "width": 1000, "height": 1000}, "_runtime": 66, "_timestamp": 1693169061, "_step": 0}