{"r2": 0.5417514382053021, "mae": 33.33474342105263, "feature_importance": {"_type": "image-file", "path": "media/images/feature_importance_0_dc798861.png", "sha256": "dc7988615e0088b93ba7a5c97f6da5ae50d9d91b59dead45f73e3f4661ca877d", "size": 33821, "format": "png", "width": 1000, "height": 1000}, "_runtime": 83, "_timestamp": 1693018700, "_step": 0}