{"r2": 0.5519849587548481, "mae": 32.95039473684211, "feature_importance": {"_type": "image-file", "path": "media/images/feature_importance_0_b92305b6.png", "sha256": "b92305b69ea2af2c051fe3e267babeeb92983c5c61b7e640f10506f2ac5e4d94", "size": 33320, "format": "png", "width": 1000, "height": 1000}, "_runtime": 36, "_timestamp": 1693243055, "_step": 0}