{"r2": 0.5551685312647512, "mae": 33.276621710526314, "feature_importance": {"_type": "image-file", "path": "media/images/feature_importance_0_e4a27792.png", "sha256": "e4a277920e104b3d49df0494a9650c374f88d0ed63cf2a7fb328e12ca35edb69", "size": 33302, "format": "png", "width": 1000, "height": 1000}, "_runtime": 27, "_timestamp": 1693013783, "_step": 0}