{"r2": 0.5490055515462537, "mae": 33.17857894736842, "feature_importance": {"_type": "image-file", "path": "media/images/feature_importance_0_cdee8ef3.png", "sha256": "cdee8ef387238d051e1f658eb0a1087857592878283f6a27b8eb301db87dde01", "size": 33317, "format": "png", "width": 1000, "height": 1000}, "_runtime": 27, "_timestamp": 1693158792, "_step": 0}