{"r2": 0.43307783098643116, "mae": 37.67666118421053, "feature_importance": {"_type": "image-file", "path": "media/images/feature_importance_0_15530e65.png", "sha256": "15530e659afce5dd234f105c47370649e5eb2fffb669348957700696fb2cf09d", "size": 33352, "format": "png", "width": 1000, "height": 1000}, "_runtime": 10, "_timestamp": 1693012766, "_step": 0}