{"r2": 0.5554115487254865, "mae": 33.24032730263158, "_runtime": 87, "_timestamp": 1693007600, "_step": 1, "feature_importance": {"_type": "image-file", "path": "media/images/feature_importance_1_cb10a8a4.png", "sha256": "cb10a8a40e2a62cdf6cc9867f38cac85a1359899de5408bcd036d6b9a2ec8276", "size": 33300, "format": "png", "width": 1000, "height": 1000}}