{"r2": 0.5480533993437382, "mae": 33.23173684210526, "feature_importance": {"_type": "image-file", "path": "media/images/feature_importance_0_3fd5c301.png", "sha256": "3fd5c301f22bd5ed39d8206b6df75a4e71a078f4a773b10177eb85953ec3b156", "size": 33312, "format": "png", "width": 1000, "height": 1000}, "_runtime": 28, "_timestamp": 1693014492, "_step": 0}