{"r2": 0.5606639499080881, "mae": 33.72904276315789, "feature_importance": {"_type": "image-file", "path": "media/images/feature_importance_0_255f6e51.png", "sha256": "255f6e514ef2f23faae72c2fd424c1b1453db0c6ded64828cdb1e1f0485cbf00", "size": 33861, "format": "png", "width": 1000, "height": 1000}, "_runtime": 28, "_timestamp": 1693014200, "_step": 0}