{"r2": 0.4987965073231222, "mae": 34.89265460526316, "feature_importance": {"_type": "image-file", "path": "media/images/feature_importance_0_c1390cc3.png", "sha256": "c1390cc3783814ce2d279a787219138a02d5937f5ef1af8ba29e01b343d476ef", "size": 37095, "format": "png", "width": 1000, "height": 1000}, "_runtime": 13, "_timestamp": 1693013417, "_step": 0}