{"r2": 0.5421797795838665, "mae": 33.23654934210526, "feature_importance": {"_type": "image-file", "path": "media/images/feature_importance_0_0d79a1e6.png", "sha256": "0d79a1e6400d337b7f41fb1be2743a89e4a47b6b0e1acc5fe4c732073772b154", "size": 33854, "format": "png", "width": 1000, "height": 1000}, "_runtime": 67, "_timestamp": 1693018608, "_step": 0}