{"r2": 0.5597884734249362, "mae": 33.24307785087719, "feature_importance": {"_type": "image-file", "path": "media/images/feature_importance_0_d29dd429.png", "sha256": "d29dd429585875d5bca5768b9a0001310b13d351451fee31925dcdf88a270991", "size": 33313, "format": "png", "width": 1000, "height": 1000}, "_runtime": 75, "_timestamp": 1693164331, "_step": 0}