{"r2": 0.48621471370469505, "mae": 35.17244572368421, "feature_importance": {"_type": "image-file", "path": "media/images/feature_importance_0_ffd9e02c.png", "sha256": "ffd9e02cbddd691a026cada9a7971454263616e79db0c2dedb39393e3291ae66", "size": 34482, "format": "png", "width": 1000, "height": 1000}, "_runtime": 46, "_timestamp": 1693015034, "_step": 0}