{"r2": 0.5506250039992113, "mae": 33.09124342105263, "feature_importance": {"_type": "image-file", "path": "media/images/feature_importance_0_7ddda42b.png", "sha256": "7ddda42b9dff39179a49c440f9d5a7fcaef715b95b880aebc9a1c599e3d58220", "size": 37077, "format": "png", "width": 1000, "height": 1000}, "_runtime": 53, "_timestamp": 1693019405, "_step": 0}