{"r2": 0.5101213607925794, "mae": 34.527118421052634, "feature_importance": {"_type": "image-file", "path": "media/images/feature_importance_0_22a8854b.png", "sha256": "22a8854b9203d50067efe77b77a70cea1f462ebe5b11982ace5d415573342d4f", "size": 37109, "format": "png", "width": 1000, "height": 1000}, "_runtime": 12, "_timestamp": 1693013284, "_step": 0}