{"r2": 0.5284693460923963, "mae": 33.907555921052634, "feature_importance": {"_type": "image-file", "path": "media/images/feature_importance_0_8b3eee65.png", "sha256": "8b3eee65d565f579c02ff5558eaf2ea4c5fa234e23b045124f07929931f76728", "size": 33342, "format": "png", "width": 1000, "height": 1000}, "_runtime": 12, "_timestamp": 1693014421, "_step": 0}