{"r2": 0.5460950439154788, "mae": 33.19076973684211, "feature_importance": {"_type": "image-file", "path": "media/images/feature_importance_0_51e9004e.png", "sha256": "51e9004e3eb0aa2c0bf6eb098170e6e156cf1f8d87c02ebc2bb4622d31e49c96", "size": 33828, "format": "png", "width": 1000, "height": 1000}, "_runtime": 33, "_timestamp": 1693158944, "_step": 0}