{"r2": 0.4391047228575161, "mae": 37.42707236842105, "feature_importance": {"_type": "image-file", "path": "media/images/feature_importance_0_39664af7.png", "sha256": "39664af7a20590190bef94405833c35105597fe65d713545d7df2a2ed6fd72d1", "size": 33350, "format": "png", "width": 1000, "height": 1000}, "_runtime": 11, "_timestamp": 1693012897, "_step": 0}