{"r2": 0.5569623405607763, "mae": 33.11130592105263, "feature_importance": {"_type": "image-file", "path": "media/images/feature_importance_0_5c7e4e7a.png", "sha256": "5c7e4e7a41342f7822f3e95931eee6a13cc89e93cf36cad9aff5eb9fb6ea64b5", "size": 33290, "format": "png", "width": 1000, "height": 1000}, "_runtime": 73, "_timestamp": 1693164606, "_step": 0}