{"r2": 0.5618616688920822, "mae": 33.15401809210526, "feature_importance": {"_type": "image-file", "path": "media/images/feature_importance_0_350a6c9a.png", "sha256": "350a6c9a51b6764328fa6e625efd528476bae288d4ad86e7f06de9154a760dce", "size": 33842, "format": "png", "width": 1000, "height": 1000}, "_runtime": 51, "_timestamp": 1693017699, "_step": 0}