{"r2": 0.4905745401685837, "mae": 34.89077302631579, "feature_importance": {"_type": "image-file", "path": "media/images/feature_importance_0_ae1b0ad4.png", "sha256": "ae1b0ad44cce4ef8d8366fc0a9fd168ca56734277b76bc890d93f98c9224dcd7", "size": 34457, "format": "png", "width": 1000, "height": 1000}, "_runtime": 69, "_timestamp": 1693167068, "_step": 0}