{"r2": 0.5132661001695259, "mae": 34.44879605263158, "feature_importance": {"_type": "image-file", "path": "media/images/feature_importance_0_822808d4.png", "sha256": "822808d40a32a9506f17fb04930abaedfa6b98ac8a844abe15c077a049ee7cb4", "size": 33358, "format": "png", "width": 1000, "height": 1000}, "_runtime": 27, "_timestamp": 1693015713, "_step": 0}