{"r2": 0.5482206160004901, "mae": 33.07985964912281, "feature_importance": {"_type": "image-file", "path": "media/images/feature_importance_0_feb64c95.png", "sha256": "feb64c95736daf0b86f827a5e720b4131541c4a6695d2373a962237a1f814d31", "size": 33327, "format": "png", "width": 1000, "height": 1000}, "_runtime": 58, "_timestamp": 1693164783, "_step": 0}