{"r2": 0.5473753583559939, "mae": 33.22370504385965, "feature_importance": {"_type": "image-file", "path": "media/images/feature_importance_0_a9f5510e.png", "sha256": "a9f5510e8c2a72cf2663b6357e61177d54876404822e468c11ac2b5e4c0e27ff", "size": 33294, "format": "png", "width": 1000, "height": 1000}, "_runtime": 588, "_timestamp": 1693165467, "_step": 0}