{"r2": 0.5484115644856865, "mae": 33.294585526315785, "feature_importance": {"_type": "image-file", "path": "media/images/feature_importance_0_52c0885e.png", "sha256": "52c0885e45871cc5c066c13ff543976b9a9ee72feae021c35d58bafdf78f6b64", "size": 33304, "format": "png", "width": 1000, "height": 1000}, "_runtime": 44, "_timestamp": 1693014545, "_step": 0}