{"r2": 0.4358375137264573, "mae": 37.628377192982455, "feature_importance": {"_type": "image-file", "path": "media/images/feature_importance_0_8b795892.png", "sha256": "8b795892cfe73fc76113d50c4c1c6dafbf5cc04720a7f055def25de5f266a19a", "size": 33368, "format": "png", "width": 1000, "height": 1000}, "_runtime": 36, "_timestamp": 1693019894, "_step": 0}