{"r2": 0.5383500144637768, "mae": 33.33682236842105, "feature_importance": {"_type": "image-file", "path": "media/images/feature_importance_0_08b4a9d0.png", "sha256": "08b4a9d02d614bcdee41abcedd1f813ffc78e61429dfa7aae1c5b059a382d8ed", "size": 33855, "format": "png", "width": 1000, "height": 1000}, "_runtime": 22, "_timestamp": 1693158974, "_step": 0}