{"r2": 0.4352875264319297, "mae": 37.62099835526316, "feature_importance": {"_type": "image-file", "path": "media/images/feature_importance_0_a5346ed3.png", "sha256": "a5346ed3b1fc26020630d14bd6aabd05aab3cd736f384727ce82d3b5fd4b9d14", "size": 33346, "format": "png", "width": 1000, "height": 1000}, "_runtime": 23, "_timestamp": 1693014980, "_step": 0}