{"r2": 0.5025462495690916, "mae": 34.773871710526315, "feature_importance": {"_type": "image-file", "path": "media/images/feature_importance_0_d4668749.png", "sha256": "d4668749b76e59e88ca0bb55c7eaf464367234b8d19c976efc96e9f53084b740", "size": 37102, "format": "png", "width": 1000, "height": 1000}, "_runtime": 21, "_timestamp": 1693017386, "_step": 0}