{"r2": 0.5578265533999842, "mae": 33.10190789473684, "feature_importance": {"_type": "image-file", "path": "media/images/feature_importance_0_a40e89b1.png", "sha256": "a40e89b12993c0f72285ee537d3b3f03396032b82ce27f5c5b4670ce964bf07c", "size": 33299, "format": "png", "width": 1000, "height": 1000}, "_runtime": 66, "_timestamp": 1693018058, "_step": 0}