{"r2": 0.5447954241550194, "mae": 33.182565789473685, "feature_importance": {"_type": "image-file", "path": "media/images/feature_importance_0_534c090e.png", "sha256": "534c090e27ada3fabeb98f74c27e5525201124bdde4aaccbeb7115a029ea7fca", "size": 33328, "format": "png", "width": 1000, "height": 1000}, "_runtime": 22, "_timestamp": 1693013182, "_step": 0}