{"r2": 0.5489001508035283, "mae": 33.13038157894737, "feature_importance": {"_type": "image-file", "path": "media/images/feature_importance_0_691f50c0.png", "sha256": "691f50c05ff30aa9df94aa2119d3332c77d8d372cc776acdae681606cab2ea3f", "size": 33326, "format": "png", "width": 1000, "height": 1000}, "_runtime": 73, "_timestamp": 1693163560, "_step": 0}