{"r2": 0.5545877783024387, "mae": 33.35632565789474, "feature_importance": {"_type": "image-file", "path": "media/images/feature_importance_0_626bd748.png", "sha256": "626bd748cde1477bea07678072f0c796b4ad0372be12a60b2a4542eb0c5c7107", "size": 33306, "format": "png", "width": 1000, "height": 1000}, "_runtime": 27, "_timestamp": 1693014349, "_step": 0}