{"r2": 0.5437846735088141, "mae": 33.20662171052632, "feature_importance": {"_type": "image-file", "path": "media/images/feature_importance_0_6c82116b.png", "sha256": "6c82116b2b2ab212c6dca6db0d514e5ceec1ca6721947e9c8825572eae8c8c8b", "size": 33863, "format": "png", "width": 1000, "height": 1000}, "_runtime": 66, "_timestamp": 1693019753, "_step": 0}