{"r2": 0.4862236114888192, "mae": 35.18282730263158, "feature_importance": {"_type": "image-file", "path": "media/images/feature_importance_0_26288d9b.png", "sha256": "26288d9b14611783c048a5e6ebf686d8198b222287995564d17c66c463048dab", "size": 34480, "format": "png", "width": 1000, "height": 1000}, "_runtime": 42, "_timestamp": 1693166578, "_step": 0}