{"r2": 0.5197408013678011, "mae": 34.26133717105263, "feature_importance": {"_type": "image-file", "path": "media/images/feature_importance_0_b3a946e0.png", "sha256": "b3a946e08e521a46a9e08e6be38c019d828d3dfdd2edb395d955146068457f30", "size": 33335, "format": "png", "width": 1000, "height": 1000}, "_runtime": 26, "_timestamp": 1693019613, "_step": 0}