{"r2": 0.5460930206378385, "mae": 33.553458881578955, "feature_importance": {"_type": "image-file", "path": "media/images/feature_importance_0_b749508d.png", "sha256": "b749508da98f34ad8e7a5d987986b4ee3406141aeb6cf22809f9f923125865e0", "size": 33879, "format": "png", "width": 1000, "height": 1000}, "_runtime": 29, "_timestamp": 1693019054, "_step": 0}