{"r2": 0.32246088684605867, "mae": 42.30520065789474, "_runtime": 15, "_timestamp": 1693007621, "_step": 1, "feature_importance": {"_type": "image-file", "path": "media/images/feature_importance_1_5b955e89.png", "sha256": "5b955e896e7edd338261bd06e2da283a85c7289c4acf78c65cdba578faa11ea9", "size": 33887, "format": "png", "width": 1000, "height": 1000}}