{"r2": 0.5374610822615551, "mae": 33.80918421052632, "feature_importance": {"_type": "image-file", "path": "media/images/feature_importance_0_589ad103.png", "sha256": "589ad103bc8192647043d2366da691972463984e8761200e0532a926bb1614a1", "size": 33347, "format": "png", "width": 1000, "height": 1000}, "_runtime": 12, "_timestamp": 1693013710, "_step": 0}