{"r2": 0.5384618428872593, "mae": 33.34871710526316, "feature_importance": {"_type": "image-file", "path": "media/images/feature_importance_0_fe8c5eb9.png", "sha256": "fe8c5eb909b115c649cd48dbe675cc1a6da927064744e77bce7c9a096f769d82", "size": 33834, "format": "png", "width": 1000, "height": 1000}, "_runtime": 34, "_timestamp": 1693013394, "_step": 0}