{"r2": 0.49102931411623696, "mae": 34.87534868421053, "feature_importance": {"_type": "image-file", "path": "media/images/feature_importance_0_58600321.png", "sha256": "586003213d430a4a121e758537f52c1ae3e088e92b69484b5bd15c2ef8259015", "size": 34452, "format": "png", "width": 1000, "height": 1000}, "_runtime": 31, "_timestamp": 1693013001, "_step": 0}