{"r2": 0.5483204646870086, "mae": 33.11408552631579, "feature_importance": {"_type": "image-file", "path": "media/images/feature_importance_0_eb56ef61.png", "sha256": "eb56ef616c6b761e8050d58a4bb94be8f95be5a402c1d3d304bdc3752bc5d356", "size": 33322, "format": "png", "width": 1000, "height": 1000}, "_runtime": 51, "_timestamp": 1693168180, "_step": 0}