{"r2": 0.4922041109683264, "mae": 34.86727960526316, "feature_importance": {"_type": "image-file", "path": "media/images/feature_importance_0_6fd48545.png", "sha256": "6fd48545ff37123a71f1c4916e7b18b3a66032bca97b768fd1269df5ed132b19", "size": 34476, "format": "png", "width": 1000, "height": 1000}, "_runtime": 22, "_timestamp": 1693158500, "_step": 0}