{"r2": 0.4853092960132499, "mae": 35.171924342105264, "feature_importance": {"_type": "image-file", "path": "media/images/feature_importance_0_ee918ccb.png", "sha256": "ee918ccbd17bdaa6193b86f57ef67e5ff6d093c0a8692add2dad7f1070674e77", "size": 34492, "format": "png", "width": 1000, "height": 1000}, "_runtime": 20, "_timestamp": 1693012926, "_step": 0}