{"r2": 0.5159554590752922, "mae": 34.307769736842104, "feature_importance": {"_type": "image-file", "path": "media/images/feature_importance_0_04fd25b4.png", "sha256": "04fd25b40f16d5608b36d38db97cdf473fa837d23dedb24b2841fbfd948bc059", "size": 37114, "format": "png", "width": 1000, "height": 1000}, "_runtime": 12, "_timestamp": 1693013153, "_step": 0}