{"r2": 0.5573915800446647, "mae": 33.48750822368421, "feature_importance": {"_type": "image-file", "path": "media/images/feature_importance_0_ff07c217.png", "sha256": "ff07c2173e951662bed09ee97950ce7ca065ee3275a1588aae73053ddf404f5e", "size": 33871, "format": "png", "width": 1000, "height": 1000}, "_runtime": 29, "_timestamp": 1693018742, "_step": 0}