{"r2": 0.4860620753029169, "mae": 35.158144736842104, "feature_importance": {"_type": "image-file", "path": "media/images/feature_importance_0_3a5a3b37.png", "sha256": "3a5a3b37b640d6ea3f529a2d2c95d92b4659d506261603931a98a08f48ff30aa", "size": 34491, "format": "png", "width": 1000, "height": 1000}, "_runtime": 19, "_timestamp": 1693158565, "_step": 0}