{"r2": 0.5390695389588315, "mae": 33.64532072368421, "feature_importance": {"_type": "image-file", "path": "media/images/feature_importance_0_6deec380.png", "sha256": "6deec380dd5f38c913c4a623885b8665cd9584adad32affe7838adb5906e0bf6", "size": 33349, "format": "png", "width": 1000, "height": 1000}, "_runtime": 28, "_timestamp": 1693017912, "_step": 0}