{"r2": 0.5441276281836669, "mae": 33.219279605263154, "feature_importance": {"_type": "image-file", "path": "media/images/feature_importance_0_28b4c905.png", "sha256": "28b4c905a7b3cb167b66d33e3af5e2bc13901712d6a6f9e2088f950a48450937", "size": 33321, "format": "png", "width": 1000, "height": 1000}, "_runtime": 52, "_timestamp": 1693019675, "_step": 0}