{"r2": 0.545674367643525, "mae": 33.70336513157895, "feature_importance": {"_type": "image-file", "path": "media/images/feature_importance_0_e31f9924.png", "sha256": "e31f992448147fc8458cefa2b46f36e43d67cdef6e8274feb2c04c96a2c16194", "size": 33875, "format": "png", "width": 1000, "height": 1000}, "_runtime": 12, "_timestamp": 1693013566, "_step": 0}