{"r2": 0.4386824055520878, "mae": 37.53648519736842, "feature_importance": {"_type": "image-file", "path": "media/images/feature_importance_0_34596ab9.png", "sha256": "34596ab9dac750032d3490fb40ced185a6382e87fbf2f00b8b3eebc95bc7a2b2", "size": 33367, "format": "png", "width": 1000, "height": 1000}, "_runtime": 23, "_timestamp": 1693014743, "_step": 0}