{"r2": 0.5426213544296039, "mae": 33.37199342105263, "feature_importance": {"_type": "image-file", "path": "media/images/feature_importance_0_ffe7757e.png", "sha256": "ffe7757eeea86cf88c65bd9a4c37b9021dbede5e0de728ee45767074e795ee1d", "size": 33833, "format": "png", "width": 1000, "height": 1000}, "_runtime": 35, "_timestamp": 1693014099, "_step": 0}