{"r2": 0.5458584802848343, "mae": 33.23443092105263, "feature_importance": {"_type": "image-file", "path": "media/images/feature_importance_0_6c419928.png", "sha256": "6c419928bc3e151327b907869c05197d83769c69e130327a8c2946cc267ba69d", "size": 33323, "format": "png", "width": 1000, "height": 1000}, "_runtime": 23, "_timestamp": 1693013886, "_step": 0}