{"r2": 0.4910842808387541, "mae": 34.895450657894735, "feature_importance": {"_type": "image-file", "path": "media/images/feature_importance_0_72109b73.png", "sha256": "72109b739dab134cd18bf2d2f504dc91cfee5ac38aa5e10dfd6f9f745cda8aa2", "size": 34476, "format": "png", "width": 1000, "height": 1000}, "_runtime": 25, "_timestamp": 1693165748, "_step": 0}