{"r2": 0.5560383907411187, "mae": 33.77511019736842, "feature_importance": {"_type": "image-file", "path": "media/images/feature_importance_0_700b4539.png", "sha256": "700b453981ecd0bf9294ffdad31cbf48f10cbf00cdc9b67bd255657cbb316006", "size": 33860, "format": "png", "width": 1000, "height": 1000}, "_runtime": 95, "_timestamp": 1693019003, "_step": 0}