{"r2": 0.5429402648378915, "mae": 33.20708552631579, "feature_importance": {"_type": "image-file", "path": "media/images/feature_importance_0_425b35d7.png", "sha256": "425b35d7769372153bac110336689e57610ccd1e42edf6a289b18665fc536f92", "size": 33306, "format": "png", "width": 1000, "height": 1000}, "_runtime": 55, "_timestamp": 1693018531, "_step": 0}