{"r2": 0.48375819537528686, "mae": 35.938315789473684, "_runtime": 14, "_timestamp": 1693007188, "_step": 1, "feature_importance": {"_type": "image-file", "path": "media/images/feature_importance_1_2f4b68ae.png", "sha256": "2f4b68aeb4d492f9dd8c8f1ba4843d2ca2bc69c7404aed006e9af5d3cd82acb6", "size": 33345, "format": "png", "width": 1000, "height": 1000}}