{"r2": 0.5389594593052762, "mae": 33.25235855263158, "feature_importance": {"_type": "image-file", "path": "media/images/feature_importance_0_b84c3484.png", "sha256": "b84c3484e28f2fb93920a25557d7ef3762c95ae4033ca50b40aa35180218d510", "size": 33856, "format": "png", "width": 1000, "height": 1000}, "_runtime": 26, "_timestamp": 1693159008, "_step": 0}