{"r2": 0.5145696929706433, "mae": 34.517457236842105, "feature_importance": {"_type": "image-file", "path": "media/images/feature_importance_0_6cbba232.png", "sha256": "6cbba2327887cf5904df18f48d0c404764a7234d414c460744abdadae861c2f5", "size": 33341, "format": "png", "width": 1000, "height": 1000}, "_runtime": 12, "_timestamp": 1693013023, "_step": 0}