{"r2": 0.5349251798097395, "mae": 33.454398026315786, "feature_importance": {"_type": "image-file", "path": "media/images/feature_importance_0_9fd58199.png", "sha256": "9fd5819987c97e4771c43bd9e45bf33332b749589cfc0b3a58f8463f651d3d26", "size": 33843, "format": "png", "width": 1000, "height": 1000}, "_runtime": 33, "_timestamp": 1693013530, "_step": 0}