{"r2": 0.5478432103820465, "mae": 33.150338815789475, "feature_importance": {"_type": "image-file", "path": "media/images/feature_importance_0_1e4e5626.png", "sha256": "1e4e56260e4993196d944bfe535ff54cf4a0194d7f1b2854678089b1d7504a6c", "size": 33319, "format": "png", "width": 1000, "height": 1000}, "_runtime": 27, "_timestamp": 1693159360, "_step": 0}