{"r2": 0.5212829664810524, "mae": 34.106195723684216, "feature_importance": {"_type": "image-file", "path": "media/images/feature_importance_0_81b9bca7.png", "sha256": "81b9bca7c1c77890737f8285141be3c809095da1abed813acc79dd151884fab4", "size": 37127, "format": "png", "width": 1000, "height": 1000}, "_runtime": 27, "_timestamp": 1693018467, "_step": 0}