{"r2": 0.5580322632860681, "mae": 33.13589802631579, "feature_importance": {"_type": "image-file", "path": "media/images/feature_importance_0_4606961a.png", "sha256": "4606961a01946ebe671a3e4dfb81014bf06c0b4cf73119e7b69c8627a795a6f5", "size": 33304, "format": "png", "width": 1000, "height": 1000}, "_runtime": 22, "_timestamp": 1693013744, "_step": 0}