{"r2": 0.536180711185546, "mae": 33.32578947368421, "feature_importance": {"_type": "image-file", "path": "media/images/feature_importance_0_d1c264fa.png", "sha256": "d1c264fabc06a92b6b0e49e23f8957fd73f5693a72dd25414ceda2b6a24709e4", "size": 33866, "format": "png", "width": 1000, "height": 1000}, "_runtime": 58, "_timestamp": 1693017511, "_step": 0}