{"r2": 0.5487947240384289, "mae": 33.172493421052636, "feature_importance": {"_type": "image-file", "path": "media/images/feature_importance_0_c27ba847.png", "sha256": "c27ba847176433ea4a950d396aa23955bfa2d95cd4f7349c88c88b7b3f23722d", "size": 33317, "format": "png", "width": 1000, "height": 1000}, "_runtime": 66, "_timestamp": 1693019482, "_step": 0}