{"r2": 0.5494798419832201, "mae": 33.19973026315789, "feature_importance": {"_type": "image-file", "path": "media/images/feature_importance_0_023ca907.png", "sha256": "023ca907c4293a7d1b5cb6609f322617b40cd2e1d22e8197d09db43e0b2e9928", "size": 33309, "format": "png", "width": 1000, "height": 1000}, "_runtime": 83, "_timestamp": 1693019577, "_step": 0}