{"r2": 0.49081249949497996, "mae": 34.8754490131579, "feature_importance": {"_type": "image-file", "path": "media/images/feature_importance_0_527a528a.png", "sha256": "527a528a4c5e914c78761f082f4b8627b51eb8049ec11ccac68d3a7d7a12cda9", "size": 34453, "format": "png", "width": 1000, "height": 1000}, "_runtime": 56, "_timestamp": 1693159563, "_step": 0}