{"r2": 0.5567510200585823, "mae": 33.38109539473684, "feature_importance": {"_type": "image-file", "path": "media/images/feature_importance_0_0baadbfc.png", "sha256": "0baadbfcbcb064b4a6ef7962c29ce43b94a0ae89f5aca28d53d7267f974f68fd", "size": 33302, "format": "png", "width": 1000, "height": 1000}, "_runtime": 34, "_timestamp": 1693014395, "_step": 0}