{"r2": 0.4851657333685536, "mae": 35.21713157894737, "feature_importance": {"_type": "image-file", "path": "media/images/feature_importance_0_62ad866f.png", "sha256": "62ad866f86fef266a359ac4813aa42e32789554ffcb5502bb467e8504825fdc9", "size": 34483, "format": "png", "width": 1000, "height": 1000}, "_runtime": 49, "_timestamp": 1693015285, "_step": 0}