{"r2": 0.5475164551188759, "mae": 33.56300164473684, "feature_importance": {"_type": "image-file", "path": "media/images/feature_importance_0_7b9addb1.png", "sha256": "7b9addb1851697cd5f9b035f93037462d6c6677580fcb9fce3f8a005b69ff1c6", "size": 33880, "format": "png", "width": 1000, "height": 1000}, "_runtime": 26, "_timestamp": 1693017634, "_step": 0}