{"r2": 0.5426011208021972, "mae": 33.290582236842106, "feature_importance": {"_type": "image-file", "path": "media/images/feature_importance_0_f80cdabe.png", "sha256": "f80cdabeba3feb20d4af5219e5572b48918118d996b5fc23e022e5c8c54b7c6a", "size": 33850, "format": "png", "width": 1000, "height": 1000}, "_runtime": 31, "_timestamp": 1693014055, "_step": 0}