{"r2": 0.5575086314040076, "mae": 33.294097039473684, "feature_importance": {"_type": "image-file", "path": "media/images/feature_importance_0_9634e6be.png", "sha256": "9634e6bec5dce4b1c98fe5676d9857eb33489a4ff5da2835b941a35dd6bca34e", "size": 33302, "format": "png", "width": 1000, "height": 1000}, "_runtime": 87, "_timestamp": 1693019300, "_step": 0}