{"r2": 0.5393148218938653, "mae": 33.251730263157896, "feature_importance": {"_type": "image-file", "path": "media/images/feature_importance_0_fd4591ac.png", "sha256": "fd4591ac10abe5d5c499c18795a1c580dd26d0f2fe539d0a53e457b67fca4d2c", "size": 33854, "format": "png", "width": 1000, "height": 1000}, "_runtime": 49, "_timestamp": 1693016299, "_step": 0}