{"r2": 0.48490286493733015, "mae": 35.21989473684211, "feature_importance": {"_type": "image-file", "path": "media/images/feature_importance_0_0a139850.png", "sha256": "0a13985015fe030de2b11df66fb99d4baaa91a37909e6ed1ec0a39abd8eaddfb", "size": 34475, "format": "png", "width": 1000, "height": 1000}, "_runtime": 46, "_timestamp": 1693015519, "_step": 0}