{"r2": 0.535634684444974, "mae": 33.381534539473684, "feature_importance": {"_type": "image-file", "path": "media/images/feature_importance_0_84eacc1d.png", "sha256": "84eacc1df6f803ab645348d9518b91bfcac04d4ce19b8f4daa1bb52f9f67af60", "size": 33863, "format": "png", "width": 1000, "height": 1000}, "_runtime": 48, "_timestamp": 1693017445, "_step": 0}