{"r2": 0.4085421825864888, "mae": 38.97346217105263, "_runtime": 13, "_timestamp": 1693007364, "_step": 1, "feature_importance": {"_type": "image-file", "path": "media/images/feature_importance_1_78620bda.png", "sha256": "78620bdaf739d7da399aed0a189d9f08ab3db95c24b88956412b58f08bc5f408", "size": 33354, "format": "png", "width": 1000, "height": 1000}}