{"r2": 0.508960867258176, "mae": 34.52165625, "feature_importance": {"_type": "image-file", "path": "media/images/feature_importance_0_d3b2d923.png", "sha256": "d3b2d92372ddc8718dd3c039e5d02754907d0cce0719c182d73be4177cab3a78", "size": 37116, "format": "png", "width": 1000, "height": 1000}, "_runtime": 27, "_timestamp": 1693016241, "_step": 0}