{"r2": 0.5520453608645892, "mae": 33.795773026315786, "feature_importance": {"_type": "image-file", "path": "media/images/feature_importance_0_4cfa1563.png", "sha256": "4cfa1563ffa907885e7d4490928927f9cfb8574ce3fa9846a99ea2c15c4a2d6d", "size": 33870, "format": "png", "width": 1000, "height": 1000}, "_runtime": 12, "_timestamp": 1693014119, "_step": 0}