{"r2": 0.525311857018479, "mae": 33.96874506578948, "feature_importance": {"_type": "image-file", "path": "media/images/feature_importance_0_a69068e6.png", "sha256": "a69068e6d461c2cea871bc3a6545c973ef464a4b957682c5f377c67c759f77aa", "size": 33345, "format": "png", "width": 1000, "height": 1000}, "_runtime": 26, "_timestamp": 1693018192, "_step": 0}