{"r2": 0.4330074485821751, "mae": 37.705235197368424, "feature_importance": {"_type": "image-file", "path": "media/images/feature_importance_0_924494eb.png", "sha256": "924494eba4d55746296ff4569c11285ab4b355a783a691f18e4a4a16e8304098", "size": 33363, "format": "png", "width": 1000, "height": 1000}, "_runtime": 26, "_timestamp": 1693015225, "_step": 0}