{"r2": 0.4903617866286377, "mae": 34.94518859649123, "feature_importance": {"_type": "image-file", "path": "media/images/feature_importance_0_38b92f3c.png", "sha256": "38b92f3ce5e14af4a0ad356d3dce5108c6e82d1d1d92b5f659108aaea8a3e7ba", "size": 34476, "format": "png", "width": 1000, "height": 1000}, "_runtime": 67, "_timestamp": 1693162861, "_step": 0}