{"r2": 0.4903256179732197, "mae": 34.93877521929825, "feature_importance": {"_type": "image-file", "path": "media/images/feature_importance_0_5426c243.png", "sha256": "5426c243c263481d19aa874e6f05e5b2f325f2941eb43b7f928eeaeb9abeb4fb", "size": 34478, "format": "png", "width": 1000, "height": 1000}, "_runtime": 68, "_timestamp": 1693168648, "_step": 0}