{"r2": 0.5553392101579769, "mae": 33.12777960526315, "feature_importance": {"_type": "image-file", "path": "media/images/feature_importance_0_3ef13b61.png", "sha256": "3ef13b612ddf19ccfc4b5962a9009d60aac9a3391ba620670885a9679e360138", "size": 33312, "format": "png", "width": 1000, "height": 1000}, "_runtime": 93, "_timestamp": 1693164712, "_step": 0}