{"r2": 0.5592075734645428, "mae": 32.99504385964912, "feature_importance": {"_type": "image-file", "path": "media/images/feature_importance_0_3a2aeffa.png", "sha256": "3a2aeffac7a74960a8f7dea00e301fe685d0a711535272418595a59ab4422b83", "size": 33304, "format": "png", "width": 1000, "height": 1000}, "_runtime": 57, "_timestamp": 1693164515, "_step": 0}