{"r2": 0.4858583194800229, "mae": 35.18556688596491, "feature_importance": {"_type": "image-file", "path": "media/images/feature_importance_0_c95c3f55.png", "sha256": "c95c3f55c1a12fad8a0600e5451d15ccf3b79950b73b6cca96202987cc220470", "size": 34490, "format": "png", "width": 1000, "height": 1000}, "_runtime": 52, "_timestamp": 1693163014, "_step": 0}