{"r2": 0.5590915401730301, "mae": 32.982370065789475, "feature_importance": {"_type": "image-file", "path": "media/images/feature_importance_0_bcb174ef.png", "sha256": "bcb174efcf426b9f89a76dbf4fcb9e8e4d4a8a595d6e887ab148bea1a2db403e", "size": 33307, "format": "png", "width": 1000, "height": 1000}, "_runtime": 41, "_timestamp": 1693162391, "_step": 0}