{"r2": 0.5449789178902174, "mae": 33.202098684210526, "feature_importance": {"_type": "image-file", "path": "media/images/feature_importance_0_c34c02f4.png", "sha256": "c34c02f45aaaa229f1972710c40562259efa2373f56cb5ee5a5b509b2e77bf62", "size": 33837, "format": "png", "width": 1000, "height": 1000}, "_runtime": 27, "_timestamp": 1693158901, "_step": 0}