{"r2": 0.4927396923519235, "mae": 34.849687499999995, "feature_importance": {"_type": "image-file", "path": "media/images/feature_importance_0_e27fc6aa.png", "sha256": "e27fc6aaf0b0fcd70fe7f789f55fa4cd562c33d8124d7c2095eb958173da8f61", "size": 34473, "format": "png", "width": 1000, "height": 1000}, "_runtime": 23, "_timestamp": 1693158595, "_step": 0}