{"r2": 0.5291104532930915, "mae": 33.86839967105263, "feature_importance": {"_type": "image-file", "path": "media/images/feature_importance_0_99060c6a.png", "sha256": "99060c6a314b91ba0411b80600b761e702f620c1a7438bec81c3352ec7f14d0e", "size": 33349, "format": "png", "width": 1000, "height": 1000}, "_runtime": 27, "_timestamp": 1693019342, "_step": 0}