{"r2": 0.4909772035842276, "mae": 34.91942269736842, "feature_importance": {"_type": "image-file", "path": "media/images/feature_importance_0_d0a09702.png", "sha256": "d0a09702fe998976612883381ccd2d3b246b561334e821b980608414d0237458", "size": 34472, "format": "png", "width": 1000, "height": 1000}, "_runtime": 44, "_timestamp": 1693159661, "_step": 0}