{"r2": 0.5468735700691005, "mae": 33.285490131578946, "feature_importance": {"_type": "image-file", "path": "media/images/feature_importance_0_8379ba7b.png", "sha256": "8379ba7bc333db5ec6bfd2503a73ccef985c6ea5efa7ebca2a3dba7a6e5d1478", "size": 33276, "format": "png", "width": 1000, "height": 1000}, "_runtime": 33, "_timestamp": 1693159404, "_step": 0}