{"r2": 0.5351165811876513, "mae": 33.444976973684206, "feature_importance": {"_type": "image-file", "path": "media/images/feature_importance_0_7f98fe21.png", "sha256": "7f98fe21ffc848c7d056a94d989e52e4088eefe81d6676a7033672474b392020", "size": 33855, "format": "png", "width": 1000, "height": 1000}, "_runtime": 24, "_timestamp": 1693013449, "_step": 0}