{"r2": 0.5388932888761544, "mae": 33.312205592105265, "feature_importance": {"_type": "image-file", "path": "media/images/feature_importance_0_ceae822a.png", "sha256": "ceae822ae9a236d8e97fbcc770d4fbf2489ec067188126994138c7e3a1371eb7", "size": 33844, "format": "png", "width": 1000, "height": 1000}, "_runtime": 82, "_timestamp": 1693016461, "_step": 0}