{"r2": 0.5599373421874915, "mae": 33.27922697368421, "feature_importance": {"_type": "image-file", "path": "media/images/feature_importance_0_6526d1e3.png", "sha256": "6526d1e3ebd7c51b0770836a5f7cc2ce87c37bb7efc8e137c2f487d4e5eb8097", "size": 33309, "format": "png", "width": 1000, "height": 1000}, "_runtime": 54, "_timestamp": 1693167783, "_step": 0}