{"r2": 0.5612742049865487, "mae": 33.0749259868421, "feature_importance": {"_type": "image-file", "path": "media/images/feature_importance_0_f48c0d16.png", "sha256": "f48c0d16488b73772ad13e1015c114d3c2e50ec63ebec0bf8c895f3fb233f082", "size": 33319, "format": "png", "width": 1000, "height": 1000}, "_runtime": 54, "_timestamp": 1693019122, "_step": 0}