{"r2": 0.4860938561221705, "mae": 35.17148684210527, "feature_importance": {"_type": "image-file", "path": "media/images/feature_importance_0_9d7eb503.png", "sha256": "9d7eb50328c2b48e3bc580afe39bd0c57581ec3c7117784ddd5a75c57044b0be", "size": 34495, "format": "png", "width": 1000, "height": 1000}, "_runtime": 19, "_timestamp": 1693012560, "_step": 0}