{"r2": 0.5504808130044918, "mae": 33.63547039473684, "feature_importance": {"_type": "image-file", "path": "media/images/feature_importance_0_e5bdf17e.png", "sha256": "e5bdf17e8fecc8f0dfe6e0d2b63cb4bb132d5cc54a15d71eea08c85afbe68f5c", "size": 33289, "format": "png", "width": 1000, "height": 1000}, "_runtime": 35, "_timestamp": 1693013685, "_step": 0}