{"r2": 0.546073407790664, "mae": 33.16952796052632, "feature_importance": {"_type": "image-file", "path": "media/images/feature_importance_0_65dca9e1.png", "sha256": "65dca9e17fffe2941d0cced0fb59b042c4b772073d10b66c324388e7bc778a5e", "size": 33838, "format": "png", "width": 1000, "height": 1000}, "_runtime": 69, "_timestamp": 1693161942, "_step": 0}