{"r2": 0.5405591858104137, "mae": 33.18341447368421, "feature_importance": {"_type": "image-file", "path": "media/images/feature_importance_0_02fa39e6.png", "sha256": "02fa39e6afeeab76d599f8ecfcf5b07f470cf453c00118a38a56d567c456e0fe", "size": 33859, "format": "png", "width": 1000, "height": 1000}, "_runtime": 61, "_timestamp": 1693016370, "_step": 0}