{"r2": 0.5489769331338805, "mae": 33.141963815789474, "feature_importance": {"_type": "image-file", "path": "media/images/feature_importance_0_071e5674.png", "sha256": "071e567497cd60972c379333dc075201751d5df24f78b94e2a978c3d611a0ae8", "size": 33307, "format": "png", "width": 1000, "height": 1000}, "_runtime": 48, "_timestamp": 1693161685, "_step": 0}