{"r2": 0.5435617411306879, "mae": 33.227940789473685, "feature_importance": {"_type": "image-file", "path": "media/images/feature_importance_0_3b0b1729.png", "sha256": "3b0b17291a403ab770ffce21dd2ba377aaeaaa4719cd9eb61344bb4a0dac7e04", "size": 33840, "format": "png", "width": 1000, "height": 1000}, "_runtime": 31, "_timestamp": 1693014658, "_step": 0}