{"r2": 0.5594017759801301, "mae": 32.99974835526316, "_runtime": 43, "_timestamp": 1693007277, "_step": 1, "feature_importance": {"_type": "image-file", "path": "media/images/feature_importance_1_1c14b61c.png", "sha256": "1c14b61c2833c24d44bc0c013a7de1223be090beb098d46177c2161321f5a2f8", "size": 33871, "format": "png", "width": 1000, "height": 1000}}