{"r2": 0.5477477442365571, "mae": 33.21322916666667, "feature_importance": {"_type": "image-file", "path": "media/images/feature_importance_0_cde918c6.png", "sha256": "cde918c64599a5d84eb30654afd240bb76ee1791ddbcc01025e1535fd19d0640", "size": 33829, "format": "png", "width": 1000, "height": 1000}, "_runtime": 91, "_timestamp": 1693163665, "_step": 0}