{"r2": 0.48545607450631145, "mae": 35.20149890350877, "feature_importance": {"_type": "image-file", "path": "media/images/feature_importance_0_768acaf1.png", "sha256": "768acaf1f29d4b5e87f8387191cdf0a56eeaa341a67d1d7882d5becb641507d1", "size": 34487, "format": "png", "width": 1000, "height": 1000}, "_runtime": 56, "_timestamp": 1693168807, "_step": 0}