{"r2": 0.5528460902000529, "mae": 33.33396710526316, "feature_importance": {"_type": "image-file", "path": "media/images/feature_importance_0_cc768e7c.png", "sha256": "cc768e7c75fe5dc8b664a16f3ef0e60deb35fe9d7c1da0ec0a9ea5d1b09b856c", "size": 33310, "format": "png", "width": 1000, "height": 1000}, "_runtime": 34, "_timestamp": 1693159292, "_step": 0}