{"r2": 0.49107811723763706, "mae": 34.86391118421053, "feature_importance": {"_type": "image-file", "path": "media/images/feature_importance_0_76fd15e0.png", "sha256": "76fd15e002b7be5d9f0214e279d74d571760e3ed1488b638f7184e6ec6195ac5", "size": 34450, "format": "png", "width": 1000, "height": 1000}, "_runtime": 31, "_timestamp": 1693012875, "_step": 0}