{"r2": 0.5452438800905685, "mae": 33.09344736842105, "feature_importance": {"_type": "image-file", "path": "media/images/feature_importance_0_180fb01c.png", "sha256": "180fb01cf072e4a1f0784b08a1caec0a328d73da63a27ed22c70296351d423ac", "size": 33334, "format": "png", "width": 1000, "height": 1000}, "_runtime": 39, "_timestamp": 1693161804, "_step": 0}