{"r2": 0.49040280138970005, "mae": 34.88881085526316, "feature_importance": {"_type": "image-file", "path": "media/images/feature_importance_0_07208ea0.png", "sha256": "07208ea0a86ed2d1c69c863e2a48ae72b32f1744f71878f6fb3db04b8aafa602", "size": 34452, "format": "png", "width": 1000, "height": 1000}, "_runtime": 79, "_timestamp": 1693015188, "_step": 0}