{"r2": 0.5481780009280643, "mae": 33.12456798245614, "feature_importance": {"_type": "image-file", "path": "media/images/feature_importance_0_677b6dab.png", "sha256": "677b6dab26b4048bb24372bb1ab44feb78223a29aa21165a473ca36f12c79d4e", "size": 33312, "format": "png", "width": 1000, "height": 1000}, "_runtime": 73, "_timestamp": 1693164869, "_step": 0}