{"r2": 0.5174846466854861, "mae": 34.40776315789474, "feature_importance": {"_type": "image-file", "path": "media/images/feature_importance_0_0d329ce1.png", "sha256": "0d329ce1b3a8dbc784aa95f906aaaba57b1368deb2dac424e684e1d538dff56f", "size": 33327, "format": "png", "width": 1000, "height": 1000}, "_runtime": 19, "_timestamp": 1693014576, "_step": 0}