{"r2": 0.49057356716199263, "mae": 34.93775328947368, "feature_importance": {"_type": "image-file", "path": "media/images/feature_importance_0_aa8f9c46.png", "sha256": "aa8f9c469251f5bacd2ed2023c7bc4a417bf79badb3c8cd680c717eab70654db", "size": 34460, "format": "png", "width": 1000, "height": 1000}, "_runtime": 44, "_timestamp": 1693159499, "_step": 0}