{"r2": 0.48571130657523587, "mae": 35.195888157894736, "feature_importance": {"_type": "image-file", "path": "media/images/feature_importance_0_72b418b8.png", "sha256": "72b418b8a3ea0d4952e708f7e991cfb8f57c671ed4c831eb8a71004d7b7b1d3d", "size": 34484, "format": "png", "width": 1000, "height": 1000}, "_runtime": 52, "_timestamp": 1693162786, "_step": 0}