{"r2": 0.547577362917747, "mae": 33.124845394736845, "feature_importance": {"_type": "image-file", "path": "media/images/feature_importance_0_bae97b3f.png", "sha256": "bae97b3f5d877103d7fdc3d47c5dc91af42059b3161a05892398daded36c7a61", "size": 33318, "format": "png", "width": 1000, "height": 1000}, "_runtime": 40, "_timestamp": 1693162590, "_step": 0}