{"r2": 0.5408928475229926, "mae": 33.349513157894734, "feature_importance": {"_type": "image-file", "path": "media/images/feature_importance_0_e17adfe9.png", "sha256": "e17adfe9760c14709347b86fd7473a9aee6cfdd74ba3b470d120ea9734554dfd", "size": 33322, "format": "png", "width": 1000, "height": 1000}, "_runtime": 22, "_timestamp": 1693014014, "_step": 0}