{"r2": 0.5543244763171468, "mae": 33.56540131578948, "feature_importance": {"_type": "image-file", "path": "media/images/feature_importance_0_955a70d8.png", "sha256": "955a70d8873beb211b9588268cadc40391539b9cbeca4d1e92a5770eda788c86", "size": 33304, "format": "png", "width": 1000, "height": 1000}, "_runtime": 95, "_timestamp": 1693164440, "_step": 0}