{"r2": 0.4896347491932289, "mae": 34.95056359649123, "feature_importance": {"_type": "image-file", "path": "media/images/feature_importance_0_c0248fe5.png", "sha256": "c0248fe56f2eb6a8e05d592180daf83777b5a7fce3a7cbbc4f342a72539e2921", "size": 34479, "format": "png", "width": 1000, "height": 1000}, "_runtime": 69, "_timestamp": 1693168884, "_step": 0}