{"r2": 0.5470236532249815, "mae": 33.26008717105263, "feature_importance": {"_type": "image-file", "path": "media/images/feature_importance_0_3467b2bf.png", "sha256": "3467b2bfcb673cf156fb30522783b71e38063507565c829914081473e05343e6", "size": 33810, "format": "png", "width": 1000, "height": 1000}, "_runtime": 67, "_timestamp": 1693168258, "_step": 0}