{"r2": 0.49033818290478415, "mae": 34.87390570175439, "feature_importance": {"_type": "image-file", "path": "media/images/feature_importance_0_f3a8842e.png", "sha256": "f3a8842e3f4df06ada3e5297e9a0129f4b59a782c57609c8f7bddd95516f324c", "size": 34453, "format": "png", "width": 1000, "height": 1000}, "_runtime": 89, "_timestamp": 1693168506, "_step": 0}