{"r2": 0.5530211837923735, "mae": 33.60332730263158, "feature_importance": {"_type": "image-file", "path": "media/images/feature_importance_0_43f923a8.png", "sha256": "43f923a85a6509a39fd9611b632f899b06d90188fb7876c431d2330868848a14", "size": 33305, "format": "png", "width": 1000, "height": 1000}, "_runtime": 82, "_timestamp": 1693017872, "_step": 0}