{"r2": 0.5466035882112594, "mae": 33.59004605263158, "feature_importance": {"_type": "image-file", "path": "media/images/feature_importance_0_f63f6587.png", "sha256": "f63f65878d5db1288eb7e455c5a3bbca11932217711202d623df8bbf44989d94", "size": 33883, "format": "png", "width": 1000, "height": 1000}, "_runtime": 12, "_timestamp": 1693014274, "_step": 0}